{
    "documentID": "abcd-1234-poiu",
    "isOrder": false,
    "recepients": {
        "psdsd-sdfs-fdsd": {
            "his-details": {
                "name": "praveen",
                "email": "praveen@gmail.com",
                "signType": "sign",
                "isAccessCode": true,
                "accessCode": "123654"
            },
            "tools": [
                {
                    "page": 1,
                    "toolID": "TEXT-TOOL",
                    "x-axis": "40px",
                    "y-axis": "100px",
                    "width": "150px",
                    "height": "25px",
                    "name": "tool101",
                    "settings": {
                        "isRequired": true,
                        "font-style": "roboto",
                        "font-size": "16px",
                        "text": "",
                        "isDisabled": true
                    }
                },
                {
                    "page": 2,
                    "toolID": "TEXT-TOOL",
                    "x-axis": "40px",
                    "y-axis": "100px",
                    "width": "150px",
                    "height": "25px",
                    "name": "tool101"
                }
            ]
        },
        "psdsd-sdfs-654": {
            "name": "sai",
            "email": "sai@gmail.com",
            "signType": "cc",
            "isAccessCode": false,
            "accessCode": ""
        },
        "psdsd-sdfs-123": {
            "name": "pavan",
            "email": "pavan@gmail.com",
            "signType": "sign",
            "isAccessCode": false,
            "accessCode": ""
        }
    },
    "TEXT-TOOL": {
        "isRequired": true,
        "font-style": "roboto",
        "font-size": "16px",
        "text": "",
        "isDisabled": true,
        "type": "text | email | numbers"
    },
    "NAME-TOOL": {
        "font-style": "roboto",
        "font-size": "16px",
        "text": ""
    },
    "EMAIL-TOOL": {
        "font-style": "roboto",
        "font-size": "16px",
        "text": ""
    },
    "SIGN-TOOL": {
        "font-style": "roboto",
        "text": "praveen"
    },
    "INITIAL-TOOL": {
        "font-style": "roboto",
        "text": "pr"
    },
    "DATETIME-TOOL": {
        "text": "2020-02-02 13:04:05"
    },
    "STAMP-TOOL": {
        "src": "cloud-storage"
    }
}